book_id,"title","author","genre",price,available_nos,"cover",rating,no_of_ratings,no_of_reviews
121,"Harry Potter","J K Rowling","Fantasy",245,4,"harrypotter.jpg",4.8125,14,8
122,"percy","unknown","Fantasy",230,4,"percy.jpg",4,24,5
123,"Davinci Code","Dan Brown","Fantasy",250,2,"davincy.jpg",3.5,13,6
124,"Sherlok","Doyle","Fiction",300,8,"sherlok.jpg",5,11,6
125,"IT","Stephen King","Thriller",300,3,"it.jpg",3,33,8
126,"Alchemist","Paulo Koylo","Fiction",220,3,"alchemist.jpg",3.75,33,8
132,"Nalukettu","M T","Fiction",260,6,"nalukettu.jpg",2.5,44,2
