<?xml version="1.0"?>

<!--
-
- Sequel Pro XML dump
- Version 4541
-
- http://www.sequelpro.com/
- https://github.com/sequelpro/sequelpro
-
- Host: 127.0.0.1 (MySQL 5.7.18)
- Database: Library
- Generation Time Time: 2018-03-25 09:40:18 +0000
-
-->

<mysqldump xmlns:xsi="http://www.w3.org/2001/XMLSchema-instance">
<database name="Library">

	<table_structure name="history">
		<field field="history_id" type="int(3)" null="NO" key="PRI" default="<null>" extra="auto_increment" />
		<field field="user_id" type="int(3)" null="NO" key="" default="<null>" extra="" />
		<field field="title" type="varchar(50)" null="NO" key="" default="" extra="" />
		<field field="took_date" type="date" null="NO" key="" default="<null>" extra="" />
		<field field="due_date" type="date" null="NO" key="" default="<null>" extra="" />
		<field field="return_date" type="date" null="NO" key="" default="<null>" extra="" />

		<options name="history" engine="InnoDB" version="10" row_format="Dynamic" rows="23" avg_row_length="712" data_length="16384" max_data_length="0" index_length="0" data_free="0" create_time="2017-10-22 18:27:32" update_time="<null>" collation="latin1_swedish_ci" create_options="" comment="" />
	</table_structure>

	<table_data name="history">

	<row>
		<field name="history_id">14</field>
		<field name="user_id">101</field>
		<field name="title">Alchemist</field>
		<field name="took_date">2017-10-22</field>
		<field name="due_date">2017-10-29</field>
		<field name="return_date">2017-10-22</field>
	</row>

	<row>
		<field name="history_id">15</field>
		<field name="user_id">101</field>
		<field name="title">Davinci Code</field>
		<field name="took_date">2017-10-22</field>
		<field name="due_date">2017-10-29</field>
		<field name="return_date">2017-10-22</field>
	</row>

	<row>
		<field name="history_id">16</field>
		<field name="user_id">101</field>
		<field name="title">percy</field>
		<field name="took_date">2017-10-24</field>
		<field name="due_date">2017-10-31</field>
		<field name="return_date">2017-10-24</field>
	</row>

	<row>
		<field name="history_id">17</field>
		<field name="user_id">101</field>
		<field name="title">Nalukettu</field>
		<field name="took_date">2017-10-28</field>
		<field name="due_date">2017-11-04</field>
		<field name="return_date">2017-10-28</field>
	</row>

	<row>
		<field name="history_id">18</field>
		<field name="user_id">101</field>
		<field name="title">Alchemist</field>
		<field name="took_date">2017-10-28</field>
		<field name="due_date">2017-11-04</field>
		<field name="return_date">2017-10-28</field>
	</row>

	<row>
		<field name="history_id">19</field>
		<field name="user_id">101</field>
		<field name="title">Alchemist</field>
		<field name="took_date">2017-10-28</field>
		<field name="due_date">2017-11-04</field>
		<field name="return_date">2017-10-28</field>
	</row>

	<row>
		<field name="history_id">20</field>
		<field name="user_id">101</field>
		<field name="title">Davinci Code</field>
		<field name="took_date">2017-10-28</field>
		<field name="due_date">2017-11-04</field>
		<field name="return_date">2017-10-28</field>
	</row>

	<row>
		<field name="history_id">21</field>
		<field name="user_id">101</field>
		<field name="title">Alchemist</field>
		<field name="took_date">2017-10-28</field>
		<field name="due_date">2017-11-04</field>
		<field name="return_date">2017-10-28</field>
	</row>

	<row>
		<field name="history_id">22</field>
		<field name="user_id">101</field>
		<field name="title">Davinci Code</field>
		<field name="took_date">2017-10-28</field>
		<field name="due_date">2017-11-04</field>
		<field name="return_date">2017-10-28</field>
	</row>

	<row>
		<field name="history_id">23</field>
		<field name="user_id">101</field>
		<field name="title">Alchemist</field>
		<field name="took_date">2017-10-28</field>
		<field name="due_date">2017-11-04</field>
		<field name="return_date">2017-10-28</field>
	</row>

	<row>
		<field name="history_id">24</field>
		<field name="user_id">101</field>
		<field name="title">Davinci Code</field>
		<field name="took_date">2017-10-28</field>
		<field name="due_date">2017-11-04</field>
		<field name="return_date">2017-10-28</field>
	</row>

	<row>
		<field name="history_id">25</field>
		<field name="user_id">101</field>
		<field name="title">Alchemist</field>
		<field name="took_date">2017-10-28</field>
		<field name="due_date">2017-11-04</field>
		<field name="return_date">2017-10-28</field>
	</row>

	<row>
		<field name="history_id">26</field>
		<field name="user_id">101</field>
		<field name="title">Davinci Code</field>
		<field name="took_date">2017-10-28</field>
		<field name="due_date">2017-11-04</field>
		<field name="return_date">2017-10-28</field>
	</row>

	<row>
		<field name="history_id">27</field>
		<field name="user_id">101</field>
		<field name="title">Alchemist</field>
		<field name="took_date">2017-10-29</field>
		<field name="due_date">2017-11-05</field>
		<field name="return_date">2017-10-29</field>
	</row>

	<row>
		<field name="history_id">28</field>
		<field name="user_id">101</field>
		<field name="title">Davinci Code</field>
		<field name="took_date">2017-10-29</field>
		<field name="due_date">2017-11-05</field>
		<field name="return_date">2017-10-29</field>
	</row>

	<row>
		<field name="history_id">29</field>
		<field name="user_id">101</field>
		<field name="title">Alchemist</field>
		<field name="took_date">2017-10-29</field>
		<field name="due_date">2017-11-05</field>
		<field name="return_date">2017-10-29</field>
	</row>

	<row>
		<field name="history_id">30</field>
		<field name="user_id">101</field>
		<field name="title">Alchemist</field>
		<field name="took_date">2017-10-29</field>
		<field name="due_date">2017-11-05</field>
		<field name="return_date">2017-10-29</field>
	</row>

	<row>
		<field name="history_id">31</field>
		<field name="user_id">101</field>
		<field name="title">Harry Potter</field>
		<field name="took_date">2017-11-12</field>
		<field name="due_date">2017-11-19</field>
		<field name="return_date">2017-11-12</field>
	</row>

	<row>
		<field name="history_id">32</field>
		<field name="user_id">101</field>
		<field name="title">Harry Potter</field>
		<field name="took_date">2017-11-13</field>
		<field name="due_date">2017-11-20</field>
		<field name="return_date">2017-11-13</field>
	</row>

	<row>
		<field name="history_id">33</field>
		<field name="user_id">101</field>
		<field name="title">Harry Potter</field>
		<field name="took_date">2017-11-25</field>
		<field name="due_date">2017-12-02</field>
		<field name="return_date">2017-11-25</field>
	</row>

	<row>
		<field name="history_id">34</field>
		<field name="user_id">101</field>
		<field name="title">IT</field>
		<field name="took_date">2017-11-30</field>
		<field name="due_date">2017-12-07</field>
		<field name="return_date">2017-11-30</field>
	</row>

	<row>
		<field name="history_id">35</field>
		<field name="user_id">2</field>
		<field name="title">Davinci Code</field>
		<field name="took_date">2017-11-30</field>
		<field name="due_date">2017-12-07</field>
		<field name="return_date">2017-11-30</field>
	</row>

	<row>
		<field name="history_id">36</field>
		<field name="user_id">101</field>
		<field name="title">IT</field>
		<field name="took_date">2017-11-30</field>
		<field name="due_date">2017-12-07</field>
		<field name="return_date">2017-11-30</field>
	</row>

	<row>
		<field name="history_id">37</field>
		<field name="user_id">101</field>
		<field name="title">Alchemist</field>
		<field name="took_date">2017-11-30</field>
		<field name="due_date">2017-12-07</field>
		<field name="return_date">2017-11-30</field>
	</row>

	</table_data>

</database>
</mysqldump>
