<?xml version="1.0"?>

<!--
-
- Sequel Pro XML dump
- Version 4541
-
- http://www.sequelpro.com/
- https://github.com/sequelpro/sequelpro
-
- Host: 127.0.0.1 (MySQL 5.7.18)
- Database: Library
- Generation Time Time: 2018-03-25 09:40:18 +0000
-
-->

<mysqldump xmlns:xsi="http://www.w3.org/2001/XMLSchema-instance">
<database name="Library">

	<table_structure name="review">
		<field field="review_id" type="int(3)" null="NO" key="PRI" default="<null>" extra="auto_increment" />
		<field field="body" type="varchar(400)" null="NO" key="" default="" extra="" />
		<field field="book_id" type="int(3)" null="NO" key="" default="<null>" extra="" />
		<field field="user_id" type="int(3)" null="NO" key="" default="<null>" extra="" />
		<field field="review_date" type="date" null="NO" key="" default="<null>" extra="" />

		<options name="review" engine="InnoDB" version="10" row_format="Dynamic" rows="10" avg_row_length="1638" data_length="16384" max_data_length="0" index_length="0" data_free="0" create_time="2017-10-28 21:00:31" update_time="<null>" collation="latin1_swedish_ci" create_options="" comment="" />
	</table_structure>

	<table_data name="review">

	<row>
		<field name="review_id">1</field>
		<field name="body">Super book Must read</field>
		<field name="book_id">132</field>
		<field name="user_id">101</field>
		<field name="review_date">2017-10-28</field>
	</row>

	<row>
		<field name="review_id">2</field>
		<field name="body">dsdsdddd</field>
		<field name="book_id">123</field>
		<field name="user_id">101</field>
		<field name="review_date">2017-10-28</field>
	</row>

	<row>
		<field name="review_id">3</field>
		<field name="body">hkkssslss</field>
		<field name="book_id">126</field>
		<field name="user_id">101</field>
		<field name="review_date">2017-10-28</field>
	</row>

	<row>
		<field name="review_id">4</field>
		<field name="body">juddddldld</field>
		<field name="book_id">123</field>
		<field name="user_id">101</field>
		<field name="review_date">2017-10-28</field>
	</row>

	<row>
		<field name="review_id">5</field>
		<field name="body">jkkiiuuuu</field>
		<field name="book_id">126</field>
		<field name="user_id">101</field>
		<field name="review_date">2017-10-28</field>
	</row>

	<row>
		<field name="review_id">6</field>
		<field name="body">jkkkllk</field>
		<field name="book_id">123</field>
		<field name="user_id">101</field>
		<field name="review_date">2017-10-28</field>
	</row>

	<row>
		<field name="review_id">7</field>
		<field name="body">ffffff</field>
		<field name="book_id">123</field>
		<field name="user_id">102</field>
		<field name="review_date">2017-10-28</field>
	</row>

	<row>
		<field name="review_id">8</field>
		<field name="body">super</field>
		<field name="book_id">132</field>
		<field name="user_id">101</field>
		<field name="review_date">2017-10-28</field>
	</row>

	<row>
		<field name="review_id">9</field>
		<field name="body">hhaiasjjs</field>
		<field name="book_id">121</field>
		<field name="user_id">101</field>
		<field name="review_date">2017-10-29</field>
	</row>

	<row>
		<field name="review_id">10</field>
		<field name="body">Wonderful book definitely read</field>
		<field name="book_id">126</field>
		<field name="user_id">101</field>
		<field name="review_date">2017-10-29</field>
	</row>

	<row>
		<field name="review_id">11</field>
		<field name="body">percy jackson is good</field>
		<field name="book_id">122</field>
		<field name="user_id">102</field>
		<field name="review_date">2017-10-29</field>
	</row>

	<row>
		<field name="review_id">12</field>
		<field name="body">Nice Book</field>
		<field name="book_id">121</field>
		<field name="user_id">101</field>
		<field name="review_date">2017-11-12</field>
	</row>

	<row>
		<field name="review_id">13</field>
		<field name="body">Nice Book</field>
		<field name="book_id">121</field>
		<field name="user_id">101</field>
		<field name="review_date">2017-11-13</field>
	</row>

	<row>
		<field name="review_id">14</field>
		<field name="body">Good</field>
		<field name="book_id">121</field>
		<field name="user_id">101</field>
		<field name="review_date">2017-11-25</field>
	</row>

	<row>
		<field name="review_id">15</field>
		<field name="body">Good</field>
		<field name="book_id">125</field>
		<field name="user_id">101</field>
		<field name="review_date">2017-11-30</field>
	</row>

	<row>
		<field name="review_id">16</field>
		<field name="body">Super</field>
		<field name="book_id">123</field>
		<field name="user_id">2</field>
		<field name="review_date">2017-11-30</field>
	</row>

	</table_data>

</database>
</mysqldump>
