<?xml version="1.0"?>

<!--
-
- Sequel Pro XML dump
- Version 4541
-
- http://www.sequelpro.com/
- https://github.com/sequelpro/sequelpro
-
- Host: 127.0.0.1 (MySQL 5.7.18)
- Database: Library
- Generation Time Time: 2018-03-25 09:40:18 +0000
-
-->

<mysqldump xmlns:xsi="http://www.w3.org/2001/XMLSchema-instance">
<database name="Library">

	<table_structure name="user">
		<field field="user_id" type="int(4)" null="NO" key="PRI" default="<null>" extra="auto_increment" />
		<field field="name" type="varchar(20)" null="NO" key="" default="" extra="" />
		<field field="email" type="varchar(30)" null="NO" key="" default="" extra="" />
		<field field="active" type="varchar(1)" null="NO" key="" default="y" extra="" />
		<field field="remarks" type="varchar(40)" null="NO" key="" default="" extra="" />
		<field field="phone" type="double(10,0)" null="NO" key="" default="<null>" extra="" />
		<field field="uname" type="varchar(20)" null="NO" key="" default="" extra="" />
		<field field="password" type="varchar(255)" null="NO" key="" default="" extra="" />
		<field field="salt" type="varchar(200)" null="YES" key="" default="<null>" extra="" />

		<options name="user" engine="InnoDB" version="10" row_format="Dynamic" rows="4" avg_row_length="4096" data_length="16384" max_data_length="0" index_length="0" data_free="0" create_time="2018-03-12 21:27:33" update_time="2018-03-25 13:38:47" collation="latin1_swedish_ci" create_options="" comment="" />
	</table_structure>

	<table_data name="user">

	<row>
		<field name="user_id">2</field>
		<field name="name">test</field>
		<field name="email">test</field>
		<field name="active">y</field>
		<field name="remarks"></field>
		<field name="phone">9999999999</field>
		<field name="uname">test</field>
		<field name="password">test</field>
		<field name="salt" xsi:nil="true" />
	</row>

	<row>
		<field name="user_id">101</field>
		<field name="name">manu</field>
		<field name="email">manujayarajkm@gmail.com</field>
		<field name="active">y</field>
		<field name="remarks">Once upon a time in mumbai</field>
		<field name="phone">9946440299</field>
		<field name="uname">manu</field>
		<field name="password">0234677addfkklmnprtuyz</field>
		<field name="salt">7dtr72pld046kz3fky</field>
	</row>

	<row>
		<field name="user_id">102</field>
		<field name="name">Jaison</field>
		<field name="email">jaisonpj1@gmail.com</field>
		<field name="active">y</field>
		<field name="remarks"></field>
		<field name="phone">9995543139</field>
		<field name="uname">jmanu</field>
		<field name="password">manu</field>
		<field name="salt" xsi:nil="true" />
	</row>

	<row>
		<field name="user_id">105</field>
		<field name="name">Sarun</field>
		<field name="email">sarun@gmail.com</field>
		<field name="active">y</field>
		<field name="remarks"></field>
		<field name="phone">9898989898</field>
		<field name="uname">sarun</field>
		<field name="password">sarun</field>
		<field name="salt" xsi:nil="true" />
	</row>

	<row>
		<field name="user_id">106</field>
		<field name="name">manu2</field>
		<field name="email">manu2</field>
		<field name="active">y</field>
		<field name="remarks"></field>
		<field name="phone">9946440299</field>
		<field name="uname">manu2</field>
		<field name="password">17999aahijjklmnnnpqtuxz</field>
		<field name="salt">9ailxn799njjkzqtph</field>
	</row>

	</table_data>

</database>
</mysqldump>
